,filepath,qpm,time_sign_num,time_sign_den,measure_no,no_accs,mode,key_area,type,note_name,tpc,step,acc,octave,pitch,pitch_class,duration,onset
0,Sati_Gymnopedie.mxl,34.0,3,4,1,2,major,0,rest,,,,,,,,0.25,0
1,Sati_Gymnopedie.mxl,34.0,3,4,1,2,major,0,rest,,,,,,,,0.25,0.0
2,Sati_Gymnopedie.mxl,34.0,3,4,1,2,major,0,note,B3,B,B,0.0,3,59.0,11.0,0.5,1.1111111111111112
3,Sati_Gymnopedie.mxl,34.0,3,4,1,2,major,0,note,D4,D,D,0.0,4,62.0,2.0,0.5,1.1111111111111112
4,Sati_Gymnopedie.mxl,34.0,3,4,1,2,major,0,note,F#4,F#,F,1.0,4,66.0,6.0,0.5,1.1111111111111112
5,Sati_Gymnopedie.mxl,34.0,3,4,1,2,major,0,note,G2,G,G,0.0,2,43.0,7.0,0.75,0.0
6,Sati_Gymnopedie.mxl,34.0,3,4,2,2,major,0,rest,,,,,,,,0.25,3.3333333333333335
7,Sati_Gymnopedie.mxl,34.0,3,4,2,2,major,0,rest,,,,,,,,0.25,3.3333333333333335
8,Sati_Gymnopedie.mxl,34.0,3,4,2,2,major,0,note,A3,A,A,0.0,3,57.0,9.0,0.5,4.444444444444445
9,Sati_Gymnopedie.mxl,34.0,3,4,2,2,major,0,note,C#4,C#,C,1.0,4,61.0,1.0,0.5,4.444444444444445
10,Sati_Gymnopedie.mxl,34.0,3,4,2,2,major,0,note,F#4,F#,F,1.0,4,66.0,6.0,0.5,4.444444444444445
11,Sati_Gymnopedie.mxl,34.0,3,4,2,2,major,0,note,D2,D,D,0.0,2,38.0,2.0,0.75,3.3333333333333335
12,Sati_Gymnopedie.mxl,34.0,3,4,3,2,major,0,rest,,,,,,,,0.25,6.666666666666667
13,Sati_Gymnopedie.mxl,34.0,3,4,3,2,major,0,rest,,,,,,,,0.25,6.666666666666666
14,Sati_Gymnopedie.mxl,34.0,3,4,3,2,major,0,note,B3,B,B,0.0,3,59.0,11.0,0.5,7.777777777777777
15,Sati_Gymnopedie.mxl,34.0,3,4,3,2,major,0,note,D4,D,D,0.0,4,62.0,2.0,0.5,7.777777777777777
16,Sati_Gymnopedie.mxl,34.0,3,4,3,2,major,0,note,F#4,F#,F,1.0,4,66.0,6.0,0.5,7.777777777777777
17,Sati_Gymnopedie.mxl,34.0,3,4,3,2,major,0,note,G2,G,G,0.0,2,43.0,7.0,0.75,6.666666666666666
18,Sati_Gymnopedie.mxl,34.0,3,4,4,2,major,0,rest,,,,,,,,0.25,10.0
19,Sati_Gymnopedie.mxl,34.0,3,4,4,2,major,0,rest,,,,,,,,0.25,10.0
20,Sati_Gymnopedie.mxl,34.0,3,4,4,2,major,0,note,A3,A,A,0.0,3,57.0,9.0,0.5,11.11111111111111
21,Sati_Gymnopedie.mxl,34.0,3,4,4,2,major,0,note,C#4,C#,C,1.0,4,61.0,1.0,0.5,11.11111111111111
22,Sati_Gymnopedie.mxl,34.0,3,4,4,2,major,0,note,F#4,F#,F,1.0,4,66.0,6.0,0.5,11.11111111111111
23,Sati_Gymnopedie.mxl,34.0,3,4,4,2,major,0,note,D2,D,D,0.0,2,38.0,2.0,0.75,9.999999999999998
24,Sati_Gymnopedie.mxl,34.0,3,4,5,2,major,0,rest,,,,,,,,0.25,13.333333333333332
25,Sati_Gymnopedie.mxl,34.0,3,4,5,2,major,0,note,F#5,F#,F,1.0,5,78.0,6.0,0.25,14.444444444444443
26,Sati_Gymnopedie.mxl,34.0,3,4,5,2,major,0,note,A5,A,A,0.0,5,81.0,9.0,0.25,15.555555555555554
27,Sati_Gymnopedie.mxl,34.0,3,4,5,2,major,0,rest,,,,,,,,0.25,13.33333333333333
28,Sati_Gymnopedie.mxl,34.0,3,4,5,2,major,0,note,B3,B,B,0.0,3,59.0,11.0,0.5,14.444444444444441
29,Sati_Gymnopedie.mxl,34.0,3,4,5,2,major,0,note,D4,D,D,0.0,4,62.0,2.0,0.5,14.444444444444441
30,Sati_Gymnopedie.mxl,34.0,3,4,5,2,major,0,note,F#4,F#,F,1.0,4,66.0,6.0,0.5,14.444444444444441
31,Sati_Gymnopedie.mxl,34.0,3,4,5,2,major,0,note,G2,G,G,0.0,2,43.0,7.0,0.75,13.33333333333333
32,Sati_Gymnopedie.mxl,34.0,3,4,6,2,major,0,note,G5,G,G,0.0,5,79.0,7.0,0.25,16.666666666666664
33,Sati_Gymnopedie.mxl,34.0,3,4,6,2,major,0,note,F#5,F#,F,1.0,5,78.0,6.0,0.25,17.777777777777775
34,Sati_Gymnopedie.mxl,34.0,3,4,6,2,major,0,note,C#5,C#,C,1.0,5,73.0,1.0,0.25,18.888888888888886
35,Sati_Gymnopedie.mxl,34.0,3,4,6,2,major,0,rest,,,,,,,,0.25,16.666666666666664
36,Sati_Gymnopedie.mxl,34.0,3,4,6,2,major,0,note,A3,A,A,0.0,3,57.0,9.0,0.5,17.777777777777775
37,Sati_Gymnopedie.mxl,34.0,3,4,6,2,major,0,note,C#4,C#,C,1.0,4,61.0,1.0,0.5,17.777777777777775
38,Sati_Gymnopedie.mxl,34.0,3,4,6,2,major,0,note,F#4,F#,F,1.0,4,66.0,6.0,0.5,17.777777777777775
39,Sati_Gymnopedie.mxl,34.0,3,4,6,2,major,0,note,D2,D,D,0.0,2,38.0,2.0,0.75,16.666666666666664
40,Sati_Gymnopedie.mxl,34.0,3,4,7,2,major,0,note,B4,B,B,0.0,4,71.0,11.0,0.25,19.999999999999996
41,Sati_Gymnopedie.mxl,34.0,3,4,7,2,major,0,note,C#5,C#,C,1.0,5,73.0,1.0,0.25,21.111111111111107
42,Sati_Gymnopedie.mxl,34.0,3,4,7,2,major,0,note,D5,D,D,0.0,5,74.0,2.0,0.25,22.222222222222218
43,Sati_Gymnopedie.mxl,34.0,3,4,7,2,major,0,rest,,,,,,,,0.25,19.999999999999996
44,Sati_Gymnopedie.mxl,34.0,3,4,7,2,major,0,note,B3,B,B,0.0,3,59.0,11.0,0.5,21.111111111111107
45,Sati_Gymnopedie.mxl,34.0,3,4,7,2,major,0,note,D4,D,D,0.0,4,62.0,2.0,0.5,21.111111111111107
46,Sati_Gymnopedie.mxl,34.0,3,4,7,2,major,0,note,F#4,F#,F,1.0,4,66.0,6.0,0.5,21.111111111111107
47,Sati_Gymnopedie.mxl,34.0,3,4,7,2,major,0,note,G2,G,G,0.0,2,43.0,7.0,0.75,19.999999999999996
48,Sati_Gymnopedie.mxl,34.0,3,4,8,2,major,0,note,A4,A,A,0.0,4,69.0,9.0,0.75,23.33333333333333
49,Sati_Gymnopedie.mxl,34.0,3,4,8,2,major,0,rest,,,,,,,,0.25,23.33333333333333
50,Sati_Gymnopedie.mxl,34.0,3,4,8,2,major,0,note,A3,A,A,0.0,3,57.0,9.0,0.5,24.44444444444444
51,Sati_Gymnopedie.mxl,34.0,3,4,8,2,major,0,note,C#4,C#,C,1.0,4,61.0,1.0,0.5,24.44444444444444
52,Sati_Gymnopedie.mxl,34.0,3,4,8,2,major,0,note,F#4,F#,F,1.0,4,66.0,6.0,0.5,24.44444444444444
53,Sati_Gymnopedie.mxl,34.0,3,4,8,2,major,0,note,D2,D,D,0.0,2,38.0,2.0,0.75,23.33333333333333
54,Sati_Gymnopedie.mxl,34.0,3,4,9,2,major,0,note,F#4,F#,F,1.0,4,66.0,6.0,0.75,26.66666666666666
55,Sati_Gymnopedie.mxl,34.0,3,4,9,2,major,0,rest,,,,,,,,0.25,26.66666666666666
56,Sati_Gymnopedie.mxl,34.0,3,4,9,2,major,0,note,B3,B,B,0.0,3,59.0,11.0,0.5,27.77777777777777
57,Sati_Gymnopedie.mxl,34.0,3,4,9,2,major,0,note,D4,D,D,0.0,4,62.0,2.0,0.5,27.77777777777777
58,Sati_Gymnopedie.mxl,34.0,3,4,9,2,major,0,note,F#4,F#,F,1.0,4,66.0,6.0,0.5,27.77777777777777
59,Sati_Gymnopedie.mxl,34.0,3,4,9,2,major,0,note,G2,G,G,0.0,2,43.0,7.0,0.75,26.66666666666666
60,Sati_Gymnopedie.mxl,34.0,3,4,10,2,major,0,note,F#4,F#,F,1.0,4,66.0,6.0,0.75,29.999999999999993
61,Sati_Gymnopedie.mxl,34.0,3,4,10,2,major,0,rest,,,,,,,,0.25,29.999999999999996
62,Sati_Gymnopedie.mxl,34.0,3,4,10,2,major,0,note,A3,A,A,0.0,3,57.0,9.0,0.5,31.111111111111107
63,Sati_Gymnopedie.mxl,34.0,3,4,10,2,major,0,note,C#4,C#,C,1.0,4,61.0,1.0,0.5,31.111111111111107
64,Sati_Gymnopedie.mxl,34.0,3,4,10,2,major,0,note,F#4,F#,F,1.0,4,66.0,6.0,0.5,31.111111111111107
65,Sati_Gymnopedie.mxl,34.0,3,4,10,2,major,0,note,D2,D,D,0.0,2,38.0,2.0,0.75,29.999999999999996
66,Sati_Gymnopedie.mxl,34.0,3,4,11,2,major,0,note,F#4,F#,F,1.0,4,66.0,6.0,0.75,33.33333333333333
67,Sati_Gymnopedie.mxl,34.0,3,4,11,2,major,0,rest,,,,,,,,0.25,33.33333333333333
68,Sati_Gymnopedie.mxl,34.0,3,4,11,2,major,0,note,B3,B,B,0.0,3,59.0,11.0,0.5,34.44444444444444
69,Sati_Gymnopedie.mxl,34.0,3,4,11,2,major,0,note,D4,D,D,0.0,4,62.0,2.0,0.5,34.44444444444444
70,Sati_Gymnopedie.mxl,34.0,3,4,11,2,major,0,note,F#4,F#,F,1.0,4,66.0,6.0,0.5,34.44444444444444
71,Sati_Gymnopedie.mxl,34.0,3,4,11,2,major,0,note,G2,G,G,0.0,2,43.0,7.0,0.75,33.33333333333333
72,Sati_Gymnopedie.mxl,34.0,3,4,12,2,major,0,note,F#4,F#,F,1.0,4,66.0,6.0,0.75,36.666666666666664
73,Sati_Gymnopedie.mxl,34.0,3,4,12,2,major,0,rest,,,,,,,,0.25,36.666666666666664
74,Sati_Gymnopedie.mxl,34.0,3,4,12,2,major,0,note,A3,A,A,0.0,3,57.0,9.0,0.5,37.77777777777778
75,Sati_Gymnopedie.mxl,34.0,3,4,12,2,major,0,note,C#4,C#,C,1.0,4,61.0,1.0,0.5,37.77777777777778
76,Sati_Gymnopedie.mxl,34.0,3,4,12,2,major,0,note,F#4,F#,F,1.0,4,66.0,6.0,0.5,37.77777777777778
77,Sati_Gymnopedie.mxl,34.0,3,4,12,2,major,0,note,D2,D,D,0.0,2,38.0,2.0,0.75,36.666666666666664
78,Sati_Gymnopedie.mxl,34.0,3,4,13,2,major,0,rest,,,,,,,,0.25,40.0
79,Sati_Gymnopedie.mxl,34.0,3,4,13,2,major,0,note,F#5,F#,F,1.0,5,78.0,6.0,0.25,41.111111111111114
80,Sati_Gymnopedie.mxl,34.0,3,4,13,2,major,0,note,A5,A,A,0.0,5,81.0,9.0,0.25,42.22222222222223
81,Sati_Gymnopedie.mxl,34.0,3,4,13,2,major,0,rest,,,,,,,,0.25,40.00000000000001
82,Sati_Gymnopedie.mxl,34.0,3,4,13,2,major,0,note,B3,B,B,0.0,3,59.0,11.0,0.5,41.11111111111112
83,Sati_Gymnopedie.mxl,34.0,3,4,13,2,major,0,note,D4,D,D,0.0,4,62.0,2.0,0.5,41.11111111111112
84,Sati_Gymnopedie.mxl,34.0,3,4,13,2,major,0,note,F#4,F#,F,1.0,4,66.0,6.0,0.5,41.11111111111112
85,Sati_Gymnopedie.mxl,34.0,3,4,13,2,major,0,note,G2,G,G,0.0,2,43.0,7.0,0.75,40.00000000000001
86,Sati_Gymnopedie.mxl,34.0,3,4,14,2,major,0,note,G5,G,G,0.0,5,79.0,7.0,0.25,43.33333333333334
87,Sati_Gymnopedie.mxl,34.0,3,4,14,2,major,0,note,F#5,F#,F,1.0,5,78.0,6.0,0.25,44.44444444444446
88,Sati_Gymnopedie.mxl,34.0,3,4,14,2,major,0,note,C#5,C#,C,1.0,5,73.0,1.0,0.25,45.55555555555557
89,Sati_Gymnopedie.mxl,34.0,3,4,14,2,major,0,rest,,,,,,,,0.25,43.33333333333335
90,Sati_Gymnopedie.mxl,34.0,3,4,14,2,major,0,note,A3,A,A,0.0,3,57.0,9.0,0.5,44.444444444444464
91,Sati_Gymnopedie.mxl,34.0,3,4,14,2,major,0,note,C#4,C#,C,1.0,4,61.0,1.0,0.5,44.444444444444464
92,Sati_Gymnopedie.mxl,34.0,3,4,14,2,major,0,note,F#4,F#,F,1.0,4,66.0,6.0,0.5,44.444444444444464
93,Sati_Gymnopedie.mxl,34.0,3,4,14,2,major,0,note,D2,D,D,0.0,2,38.0,2.0,0.75,43.33333333333335
94,Sati_Gymnopedie.mxl,34.0,3,4,15,2,major,0,note,B4,B,B,0.0,4,71.0,11.0,0.25,46.666666666666686
95,Sati_Gymnopedie.mxl,34.0,3,4,15,2,major,0,note,C#5,C#,C,1.0,5,73.0,1.0,0.25,47.7777777777778
96,Sati_Gymnopedie.mxl,34.0,3,4,15,2,major,0,note,D5,D,D,0.0,5,74.0,2.0,0.25,48.888888888888914
97,Sati_Gymnopedie.mxl,34.0,3,4,15,2,major,0,rest,,,,,,,,0.25,46.66666666666669
98,Sati_Gymnopedie.mxl,34.0,3,4,15,2,major,0,note,B3,B,B,0.0,3,59.0,11.0,0.5,47.77777777777781
99,Sati_Gymnopedie.mxl,34.0,3,4,15,2,major,0,note,D4,D,D,0.0,4,62.0,2.0,0.5,47.77777777777781
100,Sati_Gymnopedie.mxl,34.0,3,4,15,2,major,0,note,F#4,F#,F,1.0,4,66.0,6.0,0.5,47.77777777777781
101,Sati_Gymnopedie.mxl,34.0,3,4,15,2,major,0,note,G2,G,G,0.0,2,43.0,7.0,0.75,46.66666666666669
102,Sati_Gymnopedie.mxl,34.0,3,4,16,2,major,0,note,A4,A,A,0.0,4,69.0,9.0,0.75,50.00000000000003
103,Sati_Gymnopedie.mxl,34.0,3,4,16,2,major,0,rest,,,,,,,,0.25,50.00000000000003
104,Sati_Gymnopedie.mxl,34.0,3,4,16,2,major,0,note,A3,A,A,0.0,3,57.0,9.0,0.5,51.11111111111114
105,Sati_Gymnopedie.mxl,34.0,3,4,16,2,major,0,note,C#4,C#,C,1.0,4,61.0,1.0,0.5,51.11111111111114
106,Sati_Gymnopedie.mxl,34.0,3,4,16,2,major,0,note,F#4,F#,F,1.0,4,66.0,6.0,0.5,51.11111111111114
107,Sati_Gymnopedie.mxl,34.0,3,4,16,2,major,0,note,D2,D,D,0.0,2,38.0,2.0,0.75,50.00000000000003
108,Sati_Gymnopedie.mxl,34.0,3,4,17,2,major,0,note,C#5,C#,C,1.0,5,73.0,1.0,0.75,53.333333333333364
109,Sati_Gymnopedie.mxl,34.0,3,4,17,2,major,0,rest,,,,,,,,0.25,53.333333333333364
110,Sati_Gymnopedie.mxl,34.0,3,4,17,2,major,0,note,A3,A,A,0.0,3,57.0,9.0,0.5,54.44444444444448
111,Sati_Gymnopedie.mxl,34.0,3,4,17,2,major,0,note,C#4,C#,C,1.0,4,61.0,1.0,0.5,54.44444444444448
112,Sati_Gymnopedie.mxl,34.0,3,4,17,2,major,0,note,F#4,F#,F,1.0,4,66.0,6.0,0.5,54.44444444444448
113,Sati_Gymnopedie.mxl,34.0,3,4,17,2,major,0,note,F#2,F#,F,1.0,2,42.0,6.0,0.75,53.333333333333364
114,Sati_Gymnopedie.mxl,34.0,3,4,18,2,major,0,note,F#5,F#,F,1.0,5,78.0,6.0,0.75,56.6666666666667
115,Sati_Gymnopedie.mxl,34.0,3,4,18,2,major,0,rest,,,,,,,,0.25,56.6666666666667
116,Sati_Gymnopedie.mxl,34.0,3,4,18,2,major,0,note,B3,B,B,0.0,3,59.0,11.0,0.5,57.777777777777814
117,Sati_Gymnopedie.mxl,34.0,3,4,18,2,major,0,note,D4,D,D,0.0,4,62.0,2.0,0.5,57.777777777777814
118,Sati_Gymnopedie.mxl,34.0,3,4,18,2,major,0,note,F#4,F#,F,1.0,4,66.0,6.0,0.5,57.777777777777814
119,Sati_Gymnopedie.mxl,34.0,3,4,18,2,major,0,note,B1,B,B,0.0,1,35.0,11.0,0.75,56.6666666666667
120,Sati_Gymnopedie.mxl,34.0,3,4,19,2,major,0,note,E4,E,E,0.0,4,64.0,4.0,0.75,60.000000000000036
121,Sati_Gymnopedie.mxl,34.0,3,4,19,2,major,0,rest,,,,,,,,0.25,60.000000000000036
122,Sati_Gymnopedie.mxl,34.0,3,4,19,2,major,0,note,G3,G,G,0.0,3,55.0,7.0,0.5,61.11111111111115
123,Sati_Gymnopedie.mxl,34.0,3,4,19,2,major,0,note,B3,B,B,0.0,3,59.0,11.0,0.5,61.11111111111115
124,Sati_Gymnopedie.mxl,34.0,3,4,19,2,major,0,note,E2,E,E,0.0,2,40.0,4.0,0.75,60.000000000000036
125,Sati_Gymnopedie.mxl,34.0,3,4,20,2,major,0,note,E4,E,E,0.0,4,64.0,4.0,0.75,63.33333333333337
126,Sati_Gymnopedie.mxl,34.0,3,4,20,2,major,0,rest,,,,,,,,0.25,63.333333333333364
127,Sati_Gymnopedie.mxl,34.0,3,4,20,2,major,0,note,B3,B,B,0.0,3,59.0,11.0,0.5,64.44444444444447
128,Sati_Gymnopedie.mxl,34.0,3,4,20,2,major,0,note,D4,D,D,0.0,4,62.0,2.0,0.5,64.44444444444447
129,Sati_Gymnopedie.mxl,34.0,3,4,20,2,major,0,note,G4,G,G,0.0,4,67.0,7.0,0.5,64.44444444444447
130,Sati_Gymnopedie.mxl,34.0,3,4,20,2,major,0,note,E2,E,E,0.0,2,40.0,4.0,0.75,63.333333333333364
131,Sati_Gymnopedie.mxl,34.0,3,4,21,2,major,0,note,E4,E,E,0.0,4,64.0,4.0,0.75,66.6666666666667
132,Sati_Gymnopedie.mxl,34.0,3,4,21,2,major,0,rest,,,,,,,,0.25,66.6666666666667
133,Sati_Gymnopedie.mxl,34.0,3,4,21,2,major,0,note,F3,F,F,0.0,3,53.0,5.0,0.5,67.77777777777781
134,Sati_Gymnopedie.mxl,34.0,3,4,21,2,major,0,note,A3,A,A,0.0,3,57.0,9.0,0.5,67.77777777777781
135,Sati_Gymnopedie.mxl,34.0,3,4,21,2,major,0,note,D4,D,D,0.0,4,62.0,2.0,0.5,67.77777777777781
136,Sati_Gymnopedie.mxl,34.0,3,4,21,2,major,0,note,D2,D,D,0.0,2,38.0,2.0,0.75,66.66666666666671
137,Sati_Gymnopedie.mxl,34.0,3,4,22,2,major,0,note,A4,A,A,0.0,4,69.0,9.0,0.25,70.00000000000004
138,Sati_Gymnopedie.mxl,34.0,3,4,22,2,major,0,note,B4,B,B,0.0,4,71.0,11.0,0.25,71.11111111111116
139,Sati_Gymnopedie.mxl,34.0,3,4,22,2,major,0,note,C5,C,C,0.0,5,72.0,0.0,0.25,72.22222222222227
140,Sati_Gymnopedie.mxl,34.0,3,4,22,2,major,0,rest,,,,,,,,0.25,70.00000000000006
141,Sati_Gymnopedie.mxl,34.0,3,4,22,2,major,0,note,A3,A,A,0.0,3,57.0,9.0,0.5,71.11111111111117
142,Sati_Gymnopedie.mxl,34.0,3,4,22,2,major,0,note,C4,C,C,0.0,4,60.0,0.0,0.5,71.11111111111117
143,Sati_Gymnopedie.mxl,34.0,3,4,22,2,major,0,note,E4,E,E,0.0,4,64.0,4.0,0.5,71.11111111111117
144,Sati_Gymnopedie.mxl,34.0,3,4,22,2,major,0,note,A1,A,A,0.0,1,33.0,9.0,0.75,70.00000000000007
145,Sati_Gymnopedie.mxl,34.0,3,4,23,2,major,0,note,E5,E,E,0.0,5,76.0,4.0,0.25,73.3333333333334
146,Sati_Gymnopedie.mxl,34.0,3,4,23,2,major,0,note,D5,D,D,0.0,5,74.0,2.0,0.25,74.44444444444451
147,Sati_Gymnopedie.mxl,34.0,3,4,23,2,major,0,note,B4,B,B,0.0,4,71.0,11.0,0.25,75.55555555555563
148,Sati_Gymnopedie.mxl,34.0,3,4,23,2,major,0,rest,,,,,,,,0.25,73.33333333333341
149,Sati_Gymnopedie.mxl,34.0,3,4,23,2,major,0,note,G3,G,G,0.0,3,55.0,7.0,0.5,74.44444444444453
150,Sati_Gymnopedie.mxl,34.0,3,4,23,2,major,0,note,B3,B,B,0.0,3,59.0,11.0,0.5,74.44444444444453
151,Sati_Gymnopedie.mxl,34.0,3,4,23,2,major,0,note,E4,E,E,0.0,4,64.0,4.0,0.5,74.44444444444453
152,Sati_Gymnopedie.mxl,34.0,3,4,23,2,major,0,note,D2,D,D,0.0,2,38.0,2.0,0.75,73.33333333333343
153,Sati_Gymnopedie.mxl,34.0,3,4,24,2,major,0,note,D5,D,D,0.0,5,74.0,2.0,0.25,76.66666666666676
154,Sati_Gymnopedie.mxl,34.0,3,4,24,2,major,0,note,C5,C,C,0.0,5,72.0,0.0,0.25,77.77777777777787
155,Sati_Gymnopedie.mxl,34.0,3,4,24,2,major,0,note,B4,B,B,0.0,4,71.0,11.0,0.25,78.88888888888899
156,Sati_Gymnopedie.mxl,34.0,3,4,24,2,major,0,rest,,,,,,,,0.25,76.66666666666677
157,Sati_Gymnopedie.mxl,34.0,3,4,24,2,major,0,note,D3,D,D,0.0,3,50.0,2.0,0.5,77.77777777777789
158,Sati_Gymnopedie.mxl,34.0,3,4,24,2,major,0,note,G3,G,G,0.0,3,55.0,7.0,0.5,77.77777777777789
159,Sati_Gymnopedie.mxl,34.0,3,4,24,2,major,0,note,B3,B,B,0.0,3,59.0,11.0,0.5,77.77777777777789
160,Sati_Gymnopedie.mxl,34.0,3,4,24,2,major,0,note,E4,E,E,0.0,4,64.0,4.0,0.5,77.77777777777789
161,Sati_Gymnopedie.mxl,34.0,3,4,24,2,major,0,note,D2,D,D,0.0,2,38.0,2.0,0.75,76.66666666666679
162,Sati_Gymnopedie.mxl,34.0,3,4,25,2,major,0,note,D5,D,D,0.0,5,74.0,2.0,0.75,80.00000000000011
163,Sati_Gymnopedie.mxl,34.0,3,4,25,2,major,0,rest,,,,,,,,0.25,80.00000000000011
164,Sati_Gymnopedie.mxl,34.0,3,4,25,2,major,0,note,C3,C,C,0.0,3,48.0,0.0,0.5,81.11111111111123
165,Sati_Gymnopedie.mxl,34.0,3,4,25,2,major,0,note,E3,E,E,0.0,3,52.0,4.0,0.5,81.11111111111123
166,Sati_Gymnopedie.mxl,34.0,3,4,25,2,major,0,note,A3,A,A,0.0,3,57.0,9.0,0.5,81.11111111111123
167,Sati_Gymnopedie.mxl,34.0,3,4,25,2,major,0,note,D4,D,D,0.0,4,62.0,2.0,0.5,81.11111111111123
168,Sati_Gymnopedie.mxl,34.0,3,4,25,2,major,0,note,D2,D,D,0.0,2,38.0,2.0,0.75,80.00000000000013
169,Sati_Gymnopedie.mxl,34.0,3,4,26,2,major,0,note,D5,D,D,0.0,5,74.0,2.0,0.5,83.33333333333346
170,Sati_Gymnopedie.mxl,34.0,3,4,26,2,major,0,note,D5,D,D,0.0,5,74.0,2.0,0.25,85.55555555555569
171,Sati_Gymnopedie.mxl,34.0,3,4,26,2,major,0,rest,,,,,,,,0.25,83.33333333333347
172,Sati_Gymnopedie.mxl,34.0,3,4,26,2,major,0,note,C3,C,C,0.0,3,48.0,0.0,0.5,84.44444444444458
173,Sati_Gymnopedie.mxl,34.0,3,4,26,2,major,0,note,F#3,F#,F,1.0,3,54.0,6.0,0.5,84.44444444444458
174,Sati_Gymnopedie.mxl,34.0,3,4,26,2,major,0,note,A3,A,A,0.0,3,57.0,9.0,0.5,84.44444444444458
175,Sati_Gymnopedie.mxl,34.0,3,4,26,2,major,0,note,D4,D,D,0.0,4,62.0,2.0,0.5,84.44444444444458
176,Sati_Gymnopedie.mxl,34.0,3,4,26,2,major,0,note,D2,D,D,0.0,2,38.0,2.0,0.75,83.33333333333348
177,Sati_Gymnopedie.mxl,34.0,3,4,27,2,major,0,note,E5,E,E,0.0,5,76.0,4.0,0.25,86.66666666666681
178,Sati_Gymnopedie.mxl,34.0,3,4,27,2,major,0,note,F5,F,F,0.0,5,77.0,5.0,0.25,87.77777777777793
179,Sati_Gymnopedie.mxl,34.0,3,4,27,2,major,0,note,G5,G,G,0.0,5,79.0,7.0,0.25,88.88888888888904
180,Sati_Gymnopedie.mxl,34.0,3,4,27,2,major,0,rest,,,,,,,,0.25,86.66666666666683
181,Sati_Gymnopedie.mxl,34.0,3,4,27,2,major,0,note,A3,A,A,0.0,3,57.0,9.0,0.5,87.77777777777794
182,Sati_Gymnopedie.mxl,34.0,3,4,27,2,major,0,note,C4,C,C,0.0,4,60.0,0.0,0.5,87.77777777777794
183,Sati_Gymnopedie.mxl,34.0,3,4,27,2,major,0,note,F4,F,F,0.0,4,65.0,5.0,0.5,87.77777777777794
184,Sati_Gymnopedie.mxl,34.0,3,4,27,2,major,0,note,D2,D,D,0.0,2,38.0,2.0,0.75,86.66666666666684
185,Sati_Gymnopedie.mxl,34.0,3,4,28,2,major,0,note,A5,A,A,0.0,5,81.0,9.0,0.25,90.00000000000017
186,Sati_Gymnopedie.mxl,34.0,3,4,28,2,major,0,note,C5,C,C,0.0,5,72.0,0.0,0.25,91.11111111111128
187,Sati_Gymnopedie.mxl,34.0,3,4,28,2,major,0,note,D5,D,D,0.0,5,74.0,2.0,0.25,92.2222222222224
188,Sati_Gymnopedie.mxl,34.0,3,4,28,2,major,0,rest,,,,,,,,0.25,90.00000000000018
189,Sati_Gymnopedie.mxl,34.0,3,4,28,2,major,0,note,A3,A,A,0.0,3,57.0,9.0,0.5,91.1111111111113
190,Sati_Gymnopedie.mxl,34.0,3,4,28,2,major,0,note,C4,C,C,0.0,4,60.0,0.0,0.5,91.1111111111113
191,Sati_Gymnopedie.mxl,34.0,3,4,28,2,major,0,note,E4,E,E,0.0,4,64.0,4.0,0.5,91.1111111111113
192,Sati_Gymnopedie.mxl,34.0,3,4,28,2,major,0,note,D2,D,D,0.0,2,38.0,2.0,0.75,90.0000000000002
193,Sati_Gymnopedie.mxl,34.0,3,4,29,2,major,0,note,E5,E,E,0.0,5,76.0,4.0,0.25,93.33333333333353
194,Sati_Gymnopedie.mxl,34.0,3,4,29,2,major,0,note,D5,D,D,0.0,5,74.0,2.0,0.25,94.44444444444464
195,Sati_Gymnopedie.mxl,34.0,3,4,29,2,major,0,note,B4,B,B,0.0,4,71.0,11.0,0.25,95.55555555555576
196,Sati_Gymnopedie.mxl,34.0,3,4,29,2,major,0,rest,,,,,,,,0.25,93.33333333333354
197,Sati_Gymnopedie.mxl,34.0,3,4,29,2,major,0,note,D3,D,D,0.0,3,50.0,2.0,0.5,94.44444444444466
198,Sati_Gymnopedie.mxl,34.0,3,4,29,2,major,0,note,G3,G,G,0.0,3,55.0,7.0,0.5,94.44444444444466
199,Sati_Gymnopedie.mxl,34.0,3,4,29,2,major,0,note,B3,B,B,0.0,3,59.0,11.0,0.5,94.44444444444466
200,Sati_Gymnopedie.mxl,34.0,3,4,29,2,major,0,note,E4,E,E,0.0,4,64.0,4.0,0.5,94.44444444444466
201,Sati_Gymnopedie.mxl,34.0,3,4,29,2,major,0,note,D2,D,D,0.0,2,38.0,2.0,0.75,93.33333333333356
202,Sati_Gymnopedie.mxl,34.0,3,4,30,2,major,0,note,D5,D,D,0.0,5,74.0,2.0,0.75,96.66666666666688
203,Sati_Gymnopedie.mxl,34.0,3,4,30,2,major,0,rest,,,,,,,,0.25,96.66666666666688
204,Sati_Gymnopedie.mxl,34.0,3,4,30,2,major,0,note,C3,C,C,0.0,3,48.0,0.0,0.5,97.777777777778
205,Sati_Gymnopedie.mxl,34.0,3,4,30,2,major,0,note,E3,E,E,0.0,3,52.0,4.0,0.5,97.777777777778
206,Sati_Gymnopedie.mxl,34.0,3,4,30,2,major,0,note,A3,A,A,0.0,3,57.0,9.0,0.5,97.777777777778
207,Sati_Gymnopedie.mxl,34.0,3,4,30,2,major,0,note,D4,D,D,0.0,4,62.0,2.0,0.5,97.777777777778
208,Sati_Gymnopedie.mxl,34.0,3,4,30,2,major,0,note,D2,D,D,0.0,2,38.0,2.0,0.75,96.6666666666669
209,Sati_Gymnopedie.mxl,34.0,3,4,31,2,major,0,note,D5,D,D,0.0,5,74.0,2.0,0.5,100.00000000000023
210,Sati_Gymnopedie.mxl,34.0,3,4,31,2,major,0,note,D5,D,D,0.0,5,74.0,2.0,0.25,102.22222222222246
211,Sati_Gymnopedie.mxl,34.0,3,4,31,2,major,0,rest,,,,,,,,0.25,100.00000000000024
212,Sati_Gymnopedie.mxl,34.0,3,4,31,2,major,0,note,C3,C,C,0.0,3,48.0,0.0,0.5,101.11111111111136
213,Sati_Gymnopedie.mxl,34.0,3,4,31,2,major,0,note,F#3,F#,F,1.0,3,54.0,6.0,0.5,101.11111111111136
214,Sati_Gymnopedie.mxl,34.0,3,4,31,2,major,0,note,A3,A,A,0.0,3,57.0,9.0,0.5,101.11111111111136
215,Sati_Gymnopedie.mxl,34.0,3,4,31,2,major,0,note,D4,D,D,0.0,4,62.0,2.0,0.5,101.11111111111136
216,Sati_Gymnopedie.mxl,34.0,3,4,31,2,major,0,note,D2,D,D,0.0,2,38.0,2.0,0.75,100.00000000000026
217,Sati_Gymnopedie.mxl,34.0,3,4,32,2,major,0,note,G5,G,G,0.0,5,79.0,7.0,0.75,103.33333333333358
218,Sati_Gymnopedie.mxl,34.0,3,4,32,2,major,0,rest,,,,,,,,0.25,103.33333333333358
219,Sati_Gymnopedie.mxl,34.0,3,4,32,2,major,0,note,B3,B,B,0.0,3,59.0,11.0,0.5,104.4444444444447
220,Sati_Gymnopedie.mxl,34.0,3,4,32,2,major,0,note,E4,E,E,0.0,4,64.0,4.0,0.5,104.4444444444447
221,Sati_Gymnopedie.mxl,34.0,3,4,32,2,major,0,note,G4,G,G,0.0,4,67.0,7.0,0.5,104.4444444444447
222,Sati_Gymnopedie.mxl,34.0,3,4,32,2,major,0,note,E2,E,E,0.0,2,40.0,4.0,0.75,103.3333333333336
223,Sati_Gymnopedie.mxl,34.0,3,4,33,2,major,0,note,F#5,F#,F,1.0,5,78.0,6.0,0.75,106.66666666666693
224,Sati_Gymnopedie.mxl,34.0,3,4,33,2,major,0,rest,,,,,,,,0.25,106.66666666666693
225,Sati_Gymnopedie.mxl,34.0,3,4,33,2,major,0,note,A3,A,A,0.0,3,57.0,9.0,0.5,107.77777777777804
226,Sati_Gymnopedie.mxl,34.0,3,4,33,2,major,0,note,C#4,C#,C,1.0,4,61.0,1.0,0.5,107.77777777777804
227,Sati_Gymnopedie.mxl,34.0,3,4,33,2,major,0,note,F#4,F#,F,1.0,4,66.0,6.0,0.5,107.77777777777804
228,Sati_Gymnopedie.mxl,34.0,3,4,33,2,major,0,note,F#2,F#,F,1.0,2,42.0,6.0,0.75,106.66666666666694
229,Sati_Gymnopedie.mxl,34.0,3,4,34,2,major,0,note,B4,B,B,0.0,4,71.0,11.0,0.25,110.00000000000027
230,Sati_Gymnopedie.mxl,34.0,3,4,34,2,major,0,note,A4,A,A,0.0,4,69.0,9.0,0.25,111.11111111111138
231,Sati_Gymnopedie.mxl,34.0,3,4,34,2,major,0,note,B4,B,B,0.0,4,71.0,11.0,0.25,112.2222222222225
232,Sati_Gymnopedie.mxl,34.0,3,4,34,2,major,0,rest,,,,,,,,0.25,110.00000000000028
233,Sati_Gymnopedie.mxl,34.0,3,4,34,2,major,0,note,B3,B,B,0.0,3,59.0,11.0,0.5,111.1111111111114
234,Sati_Gymnopedie.mxl,34.0,3,4,34,2,major,0,note,D4,D,D,0.0,4,62.0,2.0,0.5,111.1111111111114
235,Sati_Gymnopedie.mxl,34.0,3,4,34,2,major,0,note,F#4,F#,F,1.0,4,66.0,6.0,0.5,111.1111111111114
236,Sati_Gymnopedie.mxl,34.0,3,4,34,2,major,0,note,B1,B,B,0.0,1,35.0,11.0,0.75,110.0000000000003
237,Sati_Gymnopedie.mxl,34.0,3,4,35,2,major,0,note,C#5,C#,C,1.0,5,73.0,1.0,0.25,113.33333333333363
238,Sati_Gymnopedie.mxl,34.0,3,4,35,2,major,0,note,D5,D,D,0.0,5,74.0,2.0,0.25,114.44444444444474
239,Sati_Gymnopedie.mxl,34.0,3,4,35,2,major,0,note,E5,E,E,0.0,5,76.0,4.0,0.25,115.55555555555586
240,Sati_Gymnopedie.mxl,34.0,3,4,35,2,major,0,rest,,,,,,,,0.25,113.33333333333364
241,Sati_Gymnopedie.mxl,34.0,3,4,35,2,major,0,note,C#4,C#,C,1.0,4,61.0,1.0,0.5,114.44444444444476
242,Sati_Gymnopedie.mxl,34.0,3,4,35,2,major,0,note,E4,E,E,0.0,4,64.0,4.0,0.5,114.44444444444476
243,Sati_Gymnopedie.mxl,34.0,3,4,35,2,major,0,note,A4,A,A,0.0,4,69.0,9.0,0.5,114.44444444444476
244,Sati_Gymnopedie.mxl,34.0,3,4,35,2,major,0,note,E2,E,E,0.0,2,40.0,4.0,0.75,113.33333333333366
245,Sati_Gymnopedie.mxl,34.0,3,4,36,2,major,0,note,C#5,C#,C,1.0,5,73.0,1.0,0.25,116.66666666666698
246,Sati_Gymnopedie.mxl,34.0,3,4,36,2,major,0,note,D5,D,D,0.0,5,74.0,2.0,0.25,117.7777777777781
247,Sati_Gymnopedie.mxl,34.0,3,4,36,2,major,0,note,E5,E,E,0.0,5,76.0,4.0,0.25,118.88888888888921
248,Sati_Gymnopedie.mxl,34.0,3,4,36,2,major,0,rest,,,,,,,,0.25,116.666666666667
249,Sati_Gymnopedie.mxl,34.0,3,4,36,2,major,0,note,A3,A,A,0.0,3,57.0,9.0,0.5,117.77777777777811
250,Sati_Gymnopedie.mxl,34.0,3,4,36,2,major,0,note,C#4,C#,C,1.0,4,61.0,1.0,0.5,117.77777777777811
251,Sati_Gymnopedie.mxl,34.0,3,4,36,2,major,0,note,F#4,F#,F,1.0,4,66.0,6.0,0.5,117.77777777777811
252,Sati_Gymnopedie.mxl,34.0,3,4,36,2,major,0,note,A4,A,A,0.0,4,69.0,9.0,0.5,117.77777777777811
253,Sati_Gymnopedie.mxl,34.0,3,4,36,2,major,0,note,E2,E,E,0.0,2,40.0,4.0,0.75,116.66666666666701
254,Sati_Gymnopedie.mxl,34.0,3,4,37,2,major,0,note,F#4,F#,F,1.0,4,66.0,6.0,0.75,120.00000000000034
255,Sati_Gymnopedie.mxl,34.0,3,4,37,2,major,0,rest,,,,,,,,0.25,120.00000000000034
256,Sati_Gymnopedie.mxl,34.0,3,4,37,2,major,0,note,A3,A,A,0.0,3,57.0,9.0,0.25,121.11111111111146
257,Sati_Gymnopedie.mxl,34.0,3,4,37,2,major,0,note,D4,D,D,0.0,4,62.0,2.0,0.25,121.11111111111146
258,Sati_Gymnopedie.mxl,34.0,3,4,37,2,major,0,note,B3,B,B,0.0,3,59.0,11.0,0.25,122.22222222222257
259,Sati_Gymnopedie.mxl,34.0,3,4,37,2,major,0,note,D4,D,D,0.0,4,62.0,2.0,0.25,122.22222222222257
260,Sati_Gymnopedie.mxl,34.0,3,4,37,2,major,0,note,G4,G,G,0.0,4,67.0,7.0,0.25,122.22222222222257
261,Sati_Gymnopedie.mxl,34.0,3,4,37,2,major,0,rest,,,,,,,,0.25,120.00000000000036
262,Sati_Gymnopedie.mxl,34.0,3,4,37,2,major,0,note,B2,B,B,0.0,2,47.0,11.0,0.25,121.11111111111147
263,Sati_Gymnopedie.mxl,34.0,3,4,37,2,major,0,note,E3,E,E,0.0,3,52.0,4.0,0.25,122.22222222222258
264,Sati_Gymnopedie.mxl,34.0,3,4,37,2,major,0,note,E2,E,E,0.0,2,40.0,4.0,0.75,120.00000000000037
265,Sati_Gymnopedie.mxl,34.0,3,4,38,2,major,0,note,C4,C,C,0.0,4,60.0,0.0,0.75,123.3333333333337
266,Sati_Gymnopedie.mxl,34.0,3,4,38,2,major,0,note,E4,E,E,0.0,4,64.0,4.0,0.75,123.3333333333337
267,Sati_Gymnopedie.mxl,34.0,3,4,38,2,major,0,note,A4,A,A,0.0,4,69.0,9.0,0.75,123.3333333333337
268,Sati_Gymnopedie.mxl,34.0,3,4,38,2,major,0,note,C5,C,C,0.0,5,72.0,0.0,0.75,123.3333333333337
269,Sati_Gymnopedie.mxl,34.0,3,4,38,2,major,0,note,A2,A,A,0.0,2,45.0,9.0,0.75,123.3333333333337
270,Sati_Gymnopedie.mxl,34.0,3,4,38,2,major,0,note,G3,G,G,0.0,3,55.0,7.0,0.75,123.3333333333337
271,Sati_Gymnopedie.mxl,34.0,3,4,39,2,major,0,note,D4,D,D,0.0,4,62.0,2.0,0.75,126.66666666666703
272,Sati_Gymnopedie.mxl,34.0,3,4,39,2,major,0,note,F#4,F#,F,1.0,4,66.0,6.0,0.75,126.66666666666703
273,Sati_Gymnopedie.mxl,34.0,3,4,39,2,major,0,note,A4,A,A,0.0,4,69.0,9.0,0.75,126.66666666666703
274,Sati_Gymnopedie.mxl,34.0,3,4,39,2,major,0,note,D5,D,D,0.0,5,74.0,2.0,0.75,126.66666666666703
275,Sati_Gymnopedie.mxl,34.0,3,4,39,2,major,0,note,D2,D,D,0.0,2,38.0,2.0,0.75,126.66666666666704
276,Sati_Gymnopedie.mxl,34.0,3,4,39,2,major,0,note,A2,A,A,0.0,2,45.0,9.0,0.75,126.66666666666704
277,Sati_Gymnopedie.mxl,34.0,3,4,39,2,major,0,note,D3,D,D,0.0,3,50.0,2.0,0.75,126.66666666666704
278,Sati_Gymnopedie.mxl,34.0,3,4,40,2,major,0,rest,,,,,,,,0.25,130.00000000000037
279,Sati_Gymnopedie.mxl,34.0,3,4,40,2,major,0,rest,,,,,,,,0.25,130.00000000000037
280,Sati_Gymnopedie.mxl,34.0,3,4,40,2,major,0,note,B3,B,B,0.0,3,59.0,11.0,0.5,131.11111111111148
281,Sati_Gymnopedie.mxl,34.0,3,4,40,2,major,0,note,D4,D,D,0.0,4,62.0,2.0,0.5,131.11111111111148
282,Sati_Gymnopedie.mxl,34.0,3,4,40,2,major,0,note,F#4,F#,F,1.0,4,66.0,6.0,0.5,131.11111111111148
283,Sati_Gymnopedie.mxl,34.0,3,4,40,2,major,0,note,G2,G,G,0.0,2,43.0,7.0,0.75,130.00000000000037
284,Sati_Gymnopedie.mxl,34.0,3,4,41,2,major,0,rest,,,,,,,,0.25,133.3333333333337
285,Sati_Gymnopedie.mxl,34.0,3,4,41,2,major,0,rest,,,,,,,,0.25,133.3333333333337
286,Sati_Gymnopedie.mxl,34.0,3,4,41,2,major,0,note,A3,A,A,0.0,3,57.0,9.0,0.5,134.44444444444483
287,Sati_Gymnopedie.mxl,34.0,3,4,41,2,major,0,note,C#4,C#,C,1.0,4,61.0,1.0,0.5,134.44444444444483
288,Sati_Gymnopedie.mxl,34.0,3,4,41,2,major,0,note,F#4,F#,F,1.0,4,66.0,6.0,0.5,134.44444444444483
289,Sati_Gymnopedie.mxl,34.0,3,4,41,2,major,0,note,D2,D,D,0.0,2,38.0,2.0,0.75,133.3333333333337
290,Sati_Gymnopedie.mxl,34.0,3,4,42,2,major,0,rest,,,,,,,,0.25,136.66666666666706
291,Sati_Gymnopedie.mxl,34.0,3,4,42,2,major,0,rest,,,,,,,,0.25,136.66666666666706
292,Sati_Gymnopedie.mxl,34.0,3,4,42,2,major,0,note,B3,B,B,0.0,3,59.0,11.0,0.5,137.77777777777817
293,Sati_Gymnopedie.mxl,34.0,3,4,42,2,major,0,note,D4,D,D,0.0,4,62.0,2.0,0.5,137.77777777777817
294,Sati_Gymnopedie.mxl,34.0,3,4,42,2,major,0,note,F#4,F#,F,1.0,4,66.0,6.0,0.5,137.77777777777817
295,Sati_Gymnopedie.mxl,34.0,3,4,42,2,major,0,note,G2,G,G,0.0,2,43.0,7.0,0.75,136.66666666666706
296,Sati_Gymnopedie.mxl,34.0,3,4,43,2,major,0,rest,,,,,,,,0.25,140.0000000000004
297,Sati_Gymnopedie.mxl,34.0,3,4,43,2,major,0,rest,,,,,,,,0.25,140.0000000000004
298,Sati_Gymnopedie.mxl,34.0,3,4,43,2,major,0,note,A3,A,A,0.0,3,57.0,9.0,0.5,141.1111111111115
299,Sati_Gymnopedie.mxl,34.0,3,4,43,2,major,0,note,C#4,C#,C,1.0,4,61.0,1.0,0.5,141.1111111111115
300,Sati_Gymnopedie.mxl,34.0,3,4,43,2,major,0,note,F#4,F#,F,1.0,4,66.0,6.0,0.5,141.1111111111115
301,Sati_Gymnopedie.mxl,34.0,3,4,43,2,major,0,note,D2,D,D,0.0,2,38.0,2.0,0.75,140.0000000000004
302,Sati_Gymnopedie.mxl,34.0,3,4,44,2,major,0,rest,,,,,,,,0.25,143.33333333333374
303,Sati_Gymnopedie.mxl,34.0,3,4,44,2,major,0,note,F#5,F#,F,1.0,5,78.0,6.0,0.25,144.44444444444485
304,Sati_Gymnopedie.mxl,34.0,3,4,44,2,major,0,note,A5,A,A,0.0,5,81.0,9.0,0.25,145.55555555555597
305,Sati_Gymnopedie.mxl,34.0,3,4,44,2,major,0,rest,,,,,,,,0.25,143.33333333333374
306,Sati_Gymnopedie.mxl,34.0,3,4,44,2,major,0,note,B3,B,B,0.0,3,59.0,11.0,0.5,144.44444444444485
307,Sati_Gymnopedie.mxl,34.0,3,4,44,2,major,0,note,D4,D,D,0.0,4,62.0,2.0,0.5,144.44444444444485
308,Sati_Gymnopedie.mxl,34.0,3,4,44,2,major,0,note,F#4,F#,F,1.0,4,66.0,6.0,0.5,144.44444444444485
309,Sati_Gymnopedie.mxl,34.0,3,4,44,2,major,0,note,G2,G,G,0.0,2,43.0,7.0,0.75,143.33333333333374
310,Sati_Gymnopedie.mxl,34.0,3,4,45,2,major,0,note,G5,G,G,0.0,5,79.0,7.0,0.25,146.66666666666708
311,Sati_Gymnopedie.mxl,34.0,3,4,45,2,major,0,note,F#5,F#,F,1.0,5,78.0,6.0,0.25,147.7777777777782
312,Sati_Gymnopedie.mxl,34.0,3,4,45,2,major,0,note,C#5,C#,C,1.0,5,73.0,1.0,0.25,148.8888888888893
313,Sati_Gymnopedie.mxl,34.0,3,4,45,2,major,0,rest,,,,,,,,0.25,146.66666666666708
314,Sati_Gymnopedie.mxl,34.0,3,4,45,2,major,0,note,A3,A,A,0.0,3,57.0,9.0,0.5,147.7777777777782
315,Sati_Gymnopedie.mxl,34.0,3,4,45,2,major,0,note,C#4,C#,C,1.0,4,61.0,1.0,0.5,147.7777777777782
316,Sati_Gymnopedie.mxl,34.0,3,4,45,2,major,0,note,F#4,F#,F,1.0,4,66.0,6.0,0.5,147.7777777777782
317,Sati_Gymnopedie.mxl,34.0,3,4,45,2,major,0,note,D2,D,D,0.0,2,38.0,2.0,0.75,146.66666666666708
318,Sati_Gymnopedie.mxl,34.0,3,4,46,2,major,0,note,B4,B,B,0.0,4,71.0,11.0,0.25,150.00000000000043
319,Sati_Gymnopedie.mxl,34.0,3,4,46,2,major,0,note,C#5,C#,C,1.0,5,73.0,1.0,0.25,151.11111111111154
320,Sati_Gymnopedie.mxl,34.0,3,4,46,2,major,0,note,D5,D,D,0.0,5,74.0,2.0,0.25,152.22222222222265
321,Sati_Gymnopedie.mxl,34.0,3,4,46,2,major,0,rest,,,,,,,,0.25,150.00000000000043
322,Sati_Gymnopedie.mxl,34.0,3,4,46,2,major,0,note,B3,B,B,0.0,3,59.0,11.0,0.5,151.11111111111154
323,Sati_Gymnopedie.mxl,34.0,3,4,46,2,major,0,note,D4,D,D,0.0,4,62.0,2.0,0.5,151.11111111111154
324,Sati_Gymnopedie.mxl,34.0,3,4,46,2,major,0,note,F#4,F#,F,1.0,4,66.0,6.0,0.5,151.11111111111154
325,Sati_Gymnopedie.mxl,34.0,3,4,46,2,major,0,note,G2,G,G,0.0,2,43.0,7.0,0.75,150.00000000000043
326,Sati_Gymnopedie.mxl,34.0,3,4,47,2,major,0,note,A4,A,A,0.0,4,69.0,9.0,0.75,153.33333333333377
327,Sati_Gymnopedie.mxl,34.0,3,4,47,2,major,0,rest,,,,,,,,0.25,153.33333333333377
328,Sati_Gymnopedie.mxl,34.0,3,4,47,2,major,0,note,A3,A,A,0.0,3,57.0,9.0,0.5,154.44444444444488
329,Sati_Gymnopedie.mxl,34.0,3,4,47,2,major,0,note,C#4,C#,C,1.0,4,61.0,1.0,0.5,154.44444444444488
330,Sati_Gymnopedie.mxl,34.0,3,4,47,2,major,0,note,F#4,F#,F,1.0,4,66.0,6.0,0.5,154.44444444444488
331,Sati_Gymnopedie.mxl,34.0,3,4,47,2,major,0,note,D2,D,D,0.0,2,38.0,2.0,0.75,153.33333333333377
332,Sati_Gymnopedie.mxl,34.0,3,4,48,2,major,0,note,F#4,F#,F,1.0,4,66.0,6.0,0.75,156.6666666666671
333,Sati_Gymnopedie.mxl,34.0,3,4,48,2,major,0,rest,,,,,,,,0.25,156.6666666666671
334,Sati_Gymnopedie.mxl,34.0,3,4,48,2,major,0,note,B3,B,B,0.0,3,59.0,11.0,0.5,157.77777777777823
335,Sati_Gymnopedie.mxl,34.0,3,4,48,2,major,0,note,D4,D,D,0.0,4,62.0,2.0,0.5,157.77777777777823
336,Sati_Gymnopedie.mxl,34.0,3,4,48,2,major,0,note,F#4,F#,F,1.0,4,66.0,6.0,0.5,157.77777777777823
337,Sati_Gymnopedie.mxl,34.0,3,4,48,2,major,0,note,G2,G,G,0.0,2,43.0,7.0,0.75,156.6666666666671
338,Sati_Gymnopedie.mxl,34.0,3,4,49,2,major,0,note,F#4,F#,F,1.0,4,66.0,6.0,0.75,160.00000000000045
339,Sati_Gymnopedie.mxl,34.0,3,4,49,2,major,0,rest,,,,,,,,0.25,160.00000000000045
340,Sati_Gymnopedie.mxl,34.0,3,4,49,2,major,0,note,A3,A,A,0.0,3,57.0,9.0,0.5,161.11111111111157
341,Sati_Gymnopedie.mxl,34.0,3,4,49,2,major,0,note,C#4,C#,C,1.0,4,61.0,1.0,0.5,161.11111111111157
342,Sati_Gymnopedie.mxl,34.0,3,4,49,2,major,0,note,F#4,F#,F,1.0,4,66.0,6.0,0.5,161.11111111111157
343,Sati_Gymnopedie.mxl,34.0,3,4,49,2,major,0,note,D2,D,D,0.0,2,38.0,2.0,0.75,160.00000000000045
344,Sati_Gymnopedie.mxl,34.0,3,4,50,2,major,0,note,F#4,F#,F,1.0,4,66.0,6.0,0.75,163.3333333333338
345,Sati_Gymnopedie.mxl,34.0,3,4,50,2,major,0,rest,,,,,,,,0.25,163.3333333333338
346,Sati_Gymnopedie.mxl,34.0,3,4,50,2,major,0,note,B3,B,B,0.0,3,59.0,11.0,0.5,164.4444444444449
347,Sati_Gymnopedie.mxl,34.0,3,4,50,2,major,0,note,D4,D,D,0.0,4,62.0,2.0,0.5,164.4444444444449
348,Sati_Gymnopedie.mxl,34.0,3,4,50,2,major,0,note,F#4,F#,F,1.0,4,66.0,6.0,0.5,164.4444444444449
349,Sati_Gymnopedie.mxl,34.0,3,4,50,2,major,0,note,G2,G,G,0.0,2,43.0,7.0,0.75,163.3333333333338
350,Sati_Gymnopedie.mxl,34.0,3,4,51,2,major,0,note,F#4,F#,F,1.0,4,66.0,6.0,0.75,166.66666666666714
351,Sati_Gymnopedie.mxl,34.0,3,4,51,2,major,0,rest,,,,,,,,0.25,166.66666666666714
352,Sati_Gymnopedie.mxl,34.0,3,4,51,2,major,0,note,A3,A,A,0.0,3,57.0,9.0,0.5,167.77777777777825
353,Sati_Gymnopedie.mxl,34.0,3,4,51,2,major,0,note,C#4,C#,C,1.0,4,61.0,1.0,0.5,167.77777777777825
354,Sati_Gymnopedie.mxl,34.0,3,4,51,2,major,0,note,F#4,F#,F,1.0,4,66.0,6.0,0.5,167.77777777777825
355,Sati_Gymnopedie.mxl,34.0,3,4,51,2,major,0,note,D2,D,D,0.0,2,38.0,2.0,0.75,166.66666666666714
356,Sati_Gymnopedie.mxl,34.0,3,4,52,2,major,0,rest,,,,,,,,0.25,170.00000000000048
357,Sati_Gymnopedie.mxl,34.0,3,4,52,2,major,0,note,F#5,F#,F,1.0,5,78.0,6.0,0.25,171.1111111111116
358,Sati_Gymnopedie.mxl,34.0,3,4,52,2,major,0,note,A5,A,A,0.0,5,81.0,9.0,0.25,172.2222222222227
359,Sati_Gymnopedie.mxl,34.0,3,4,52,2,major,0,rest,,,,,,,,0.25,170.00000000000048
360,Sati_Gymnopedie.mxl,34.0,3,4,52,2,major,0,note,B3,B,B,0.0,3,59.0,11.0,0.5,171.1111111111116
361,Sati_Gymnopedie.mxl,34.0,3,4,52,2,major,0,note,D4,D,D,0.0,4,62.0,2.0,0.5,171.1111111111116
362,Sati_Gymnopedie.mxl,34.0,3,4,52,2,major,0,note,F#4,F#,F,1.0,4,66.0,6.0,0.5,171.1111111111116
363,Sati_Gymnopedie.mxl,34.0,3,4,52,2,major,0,note,G2,G,G,0.0,2,43.0,7.0,0.75,170.00000000000048
364,Sati_Gymnopedie.mxl,34.0,3,4,53,2,major,0,note,G5,G,G,0.0,5,79.0,7.0,0.25,173.33333333333383
365,Sati_Gymnopedie.mxl,34.0,3,4,53,2,major,0,note,F#5,F#,F,1.0,5,78.0,6.0,0.25,174.44444444444494
366,Sati_Gymnopedie.mxl,34.0,3,4,53,2,major,0,note,C#5,C#,C,1.0,5,73.0,1.0,0.25,175.55555555555605
367,Sati_Gymnopedie.mxl,34.0,3,4,53,2,major,0,rest,,,,,,,,0.25,173.33333333333383
368,Sati_Gymnopedie.mxl,34.0,3,4,53,2,major,0,note,A3,A,A,0.0,3,57.0,9.0,0.5,174.44444444444494
369,Sati_Gymnopedie.mxl,34.0,3,4,53,2,major,0,note,C#4,C#,C,1.0,4,61.0,1.0,0.5,174.44444444444494
370,Sati_Gymnopedie.mxl,34.0,3,4,53,2,major,0,note,F#4,F#,F,1.0,4,66.0,6.0,0.5,174.44444444444494
371,Sati_Gymnopedie.mxl,34.0,3,4,53,2,major,0,note,D2,D,D,0.0,2,38.0,2.0,0.75,173.33333333333383
372,Sati_Gymnopedie.mxl,34.0,3,4,54,2,major,0,note,B4,B,B,0.0,4,71.0,11.0,0.25,176.66666666666717
373,Sati_Gymnopedie.mxl,34.0,3,4,54,2,major,0,note,C#5,C#,C,1.0,5,73.0,1.0,0.25,177.77777777777828
374,Sati_Gymnopedie.mxl,34.0,3,4,54,2,major,0,note,D5,D,D,0.0,5,74.0,2.0,0.25,178.8888888888894
375,Sati_Gymnopedie.mxl,34.0,3,4,54,2,major,0,rest,,,,,,,,0.25,176.66666666666717
376,Sati_Gymnopedie.mxl,34.0,3,4,54,2,major,0,note,B3,B,B,0.0,3,59.0,11.0,0.5,177.77777777777828
377,Sati_Gymnopedie.mxl,34.0,3,4,54,2,major,0,note,D4,D,D,0.0,4,62.0,2.0,0.5,177.77777777777828
378,Sati_Gymnopedie.mxl,34.0,3,4,54,2,major,0,note,F#4,F#,F,1.0,4,66.0,6.0,0.5,177.77777777777828
379,Sati_Gymnopedie.mxl,34.0,3,4,54,2,major,0,note,G2,G,G,0.0,2,43.0,7.0,0.75,176.66666666666717
380,Sati_Gymnopedie.mxl,34.0,3,4,55,2,major,0,note,A4,A,A,0.0,4,69.0,9.0,0.75,180.0000000000005
381,Sati_Gymnopedie.mxl,34.0,3,4,55,2,major,0,rest,,,,,,,,0.25,180.0000000000005
382,Sati_Gymnopedie.mxl,34.0,3,4,55,2,major,0,note,A3,A,A,0.0,3,57.0,9.0,0.5,181.11111111111163
383,Sati_Gymnopedie.mxl,34.0,3,4,55,2,major,0,note,C#4,C#,C,1.0,4,61.0,1.0,0.5,181.11111111111163
384,Sati_Gymnopedie.mxl,34.0,3,4,55,2,major,0,note,F#4,F#,F,1.0,4,66.0,6.0,0.5,181.11111111111163
385,Sati_Gymnopedie.mxl,34.0,3,4,55,2,major,0,note,D2,D,D,0.0,2,38.0,2.0,0.75,180.0000000000005
386,Sati_Gymnopedie.mxl,34.0,3,4,56,2,major,0,note,C#5,C#,C,1.0,5,73.0,1.0,0.75,183.33333333333385
387,Sati_Gymnopedie.mxl,34.0,3,4,56,2,major,0,rest,,,,,,,,0.25,183.33333333333385
388,Sati_Gymnopedie.mxl,34.0,3,4,56,2,major,0,note,A3,A,A,0.0,3,57.0,9.0,0.5,184.44444444444497
389,Sati_Gymnopedie.mxl,34.0,3,4,56,2,major,0,note,C#4,C#,C,1.0,4,61.0,1.0,0.5,184.44444444444497
390,Sati_Gymnopedie.mxl,34.0,3,4,56,2,major,0,note,F#4,F#,F,1.0,4,66.0,6.0,0.5,184.44444444444497
391,Sati_Gymnopedie.mxl,34.0,3,4,56,2,major,0,note,F#2,F#,F,1.0,2,42.0,6.0,0.75,183.33333333333385
392,Sati_Gymnopedie.mxl,34.0,3,4,57,2,major,0,note,F#5,F#,F,1.0,5,78.0,6.0,0.75,186.6666666666672
393,Sati_Gymnopedie.mxl,34.0,3,4,57,2,major,0,rest,,,,,,,,0.25,186.6666666666672
394,Sati_Gymnopedie.mxl,34.0,3,4,57,2,major,0,note,B3,B,B,0.0,3,59.0,11.0,0.5,187.7777777777783
395,Sati_Gymnopedie.mxl,34.0,3,4,57,2,major,0,note,D4,D,D,0.0,4,62.0,2.0,0.5,187.7777777777783
396,Sati_Gymnopedie.mxl,34.0,3,4,57,2,major,0,note,F#4,F#,F,1.0,4,66.0,6.0,0.5,187.7777777777783
397,Sati_Gymnopedie.mxl,34.0,3,4,57,2,major,0,note,B1,B,B,0.0,1,35.0,11.0,0.75,186.6666666666672
398,Sati_Gymnopedie.mxl,34.0,3,4,58,2,major,0,note,E4,E,E,0.0,4,64.0,4.0,0.75,190.00000000000054
399,Sati_Gymnopedie.mxl,34.0,3,4,58,2,major,0,rest,,,,,,,,0.25,190.00000000000054
400,Sati_Gymnopedie.mxl,34.0,3,4,58,2,major,0,note,G3,G,G,0.0,3,55.0,7.0,0.5,191.11111111111165
401,Sati_Gymnopedie.mxl,34.0,3,4,58,2,major,0,note,B3,B,B,0.0,3,59.0,11.0,0.5,191.11111111111165
402,Sati_Gymnopedie.mxl,34.0,3,4,58,2,major,0,note,E2,E,E,0.0,2,40.0,4.0,0.75,190.00000000000054
403,Sati_Gymnopedie.mxl,34.0,3,4,59,2,major,0,note,E4,E,E,0.0,4,64.0,4.0,0.75,193.33333333333388
404,Sati_Gymnopedie.mxl,34.0,3,4,59,2,major,0,rest,,,,,,,,0.25,193.33333333333388
405,Sati_Gymnopedie.mxl,34.0,3,4,59,2,major,0,note,B3,B,B,0.0,3,59.0,11.0,0.5,194.444444444445
406,Sati_Gymnopedie.mxl,34.0,3,4,59,2,major,0,note,D4,D,D,0.0,4,62.0,2.0,0.5,194.444444444445
407,Sati_Gymnopedie.mxl,34.0,3,4,59,2,major,0,note,G4,G,G,0.0,4,67.0,7.0,0.5,194.444444444445
408,Sati_Gymnopedie.mxl,34.0,3,4,59,2,major,0,note,E2,E,E,0.0,2,40.0,4.0,0.75,193.33333333333388
409,Sati_Gymnopedie.mxl,34.0,3,4,60,2,major,0,note,E4,E,E,0.0,4,64.0,4.0,0.75,196.66666666666723
410,Sati_Gymnopedie.mxl,34.0,3,4,60,2,major,0,rest,,,,,,,,0.25,196.66666666666723
411,Sati_Gymnopedie.mxl,34.0,3,4,60,2,major,0,note,F3,F,F,0.0,3,53.0,5.0,0.5,197.77777777777834
412,Sati_Gymnopedie.mxl,34.0,3,4,60,2,major,0,note,A3,A,A,0.0,3,57.0,9.0,0.5,197.77777777777834
413,Sati_Gymnopedie.mxl,34.0,3,4,60,2,major,0,note,D4,D,D,0.0,4,62.0,2.0,0.5,197.77777777777834
414,Sati_Gymnopedie.mxl,34.0,3,4,60,2,major,0,note,D2,D,D,0.0,2,38.0,2.0,0.75,196.66666666666723
415,Sati_Gymnopedie.mxl,34.0,3,4,61,2,major,0,note,A4,A,A,0.0,4,69.0,9.0,0.25,200.00000000000057
416,Sati_Gymnopedie.mxl,34.0,3,4,61,2,major,0,note,B4,B,B,0.0,4,71.0,11.0,0.25,201.11111111111168
417,Sati_Gymnopedie.mxl,34.0,3,4,61,2,major,0,note,C5,C,C,0.0,5,72.0,0.0,0.25,202.2222222222228
418,Sati_Gymnopedie.mxl,34.0,3,4,61,2,major,0,rest,,,,,,,,0.25,200.00000000000057
419,Sati_Gymnopedie.mxl,34.0,3,4,61,2,major,0,note,A3,A,A,0.0,3,57.0,9.0,0.5,201.11111111111168
420,Sati_Gymnopedie.mxl,34.0,3,4,61,2,major,0,note,C4,C,C,0.0,4,60.0,0.0,0.5,201.11111111111168
421,Sati_Gymnopedie.mxl,34.0,3,4,61,2,major,0,note,E4,E,E,0.0,4,64.0,4.0,0.5,201.11111111111168
422,Sati_Gymnopedie.mxl,34.0,3,4,61,2,major,0,note,A1,A,A,0.0,1,33.0,9.0,0.75,200.00000000000057
423,Sati_Gymnopedie.mxl,34.0,3,4,62,2,major,0,note,E5,E,E,0.0,5,76.0,4.0,0.25,203.3333333333339
424,Sati_Gymnopedie.mxl,34.0,3,4,62,2,major,0,note,D5,D,D,0.0,5,74.0,2.0,0.25,204.44444444444503
425,Sati_Gymnopedie.mxl,34.0,3,4,62,2,major,0,note,B4,B,B,0.0,4,71.0,11.0,0.25,205.55555555555614
426,Sati_Gymnopedie.mxl,34.0,3,4,62,2,major,0,rest,,,,,,,,0.25,203.3333333333339
427,Sati_Gymnopedie.mxl,34.0,3,4,62,2,major,0,note,G3,G,G,0.0,3,55.0,7.0,0.5,204.44444444444503
428,Sati_Gymnopedie.mxl,34.0,3,4,62,2,major,0,note,B3,B,B,0.0,3,59.0,11.0,0.5,204.44444444444503
429,Sati_Gymnopedie.mxl,34.0,3,4,62,2,major,0,note,E4,E,E,0.0,4,64.0,4.0,0.5,204.44444444444503
430,Sati_Gymnopedie.mxl,34.0,3,4,62,2,major,0,note,D2,D,D,0.0,2,38.0,2.0,0.75,203.3333333333339
431,Sati_Gymnopedie.mxl,34.0,3,4,63,2,major,0,note,D5,D,D,0.0,5,74.0,2.0,0.25,206.66666666666725
432,Sati_Gymnopedie.mxl,34.0,3,4,63,2,major,0,note,C5,C,C,0.0,5,72.0,0.0,0.25,207.77777777777837
433,Sati_Gymnopedie.mxl,34.0,3,4,63,2,major,0,note,B4,B,B,0.0,4,71.0,11.0,0.25,208.88888888888948
434,Sati_Gymnopedie.mxl,34.0,3,4,63,2,major,0,rest,,,,,,,,0.25,206.66666666666725
435,Sati_Gymnopedie.mxl,34.0,3,4,63,2,major,0,note,D3,D,D,0.0,3,50.0,2.0,0.5,207.77777777777837
436,Sati_Gymnopedie.mxl,34.0,3,4,63,2,major,0,note,G3,G,G,0.0,3,55.0,7.0,0.5,207.77777777777837
437,Sati_Gymnopedie.mxl,34.0,3,4,63,2,major,0,note,B3,B,B,0.0,3,59.0,11.0,0.5,207.77777777777837
438,Sati_Gymnopedie.mxl,34.0,3,4,63,2,major,0,note,E4,E,E,0.0,4,64.0,4.0,0.5,207.77777777777837
439,Sati_Gymnopedie.mxl,34.0,3,4,63,2,major,0,note,D2,D,D,0.0,2,38.0,2.0,0.75,206.66666666666725
440,Sati_Gymnopedie.mxl,34.0,3,4,64,2,major,0,note,D5,D,D,0.0,5,74.0,2.0,0.75,210.0000000000006
441,Sati_Gymnopedie.mxl,34.0,3,4,64,2,major,0,rest,,,,,,,,0.25,210.0000000000006
442,Sati_Gymnopedie.mxl,34.0,3,4,64,2,major,0,note,C3,C,C,0.0,3,48.0,0.0,0.5,211.1111111111117
443,Sati_Gymnopedie.mxl,34.0,3,4,64,2,major,0,note,E3,E,E,0.0,3,52.0,4.0,0.5,211.1111111111117
444,Sati_Gymnopedie.mxl,34.0,3,4,64,2,major,0,note,A3,A,A,0.0,3,57.0,9.0,0.5,211.1111111111117
445,Sati_Gymnopedie.mxl,34.0,3,4,64,2,major,0,note,D4,D,D,0.0,4,62.0,2.0,0.5,211.1111111111117
446,Sati_Gymnopedie.mxl,34.0,3,4,64,2,major,0,note,D2,D,D,0.0,2,38.0,2.0,0.75,210.0000000000006
447,Sati_Gymnopedie.mxl,34.0,3,4,65,2,major,0,note,D5,D,D,0.0,5,74.0,2.0,0.5,213.33333333333394
448,Sati_Gymnopedie.mxl,34.0,3,4,65,2,major,0,note,D5,D,D,0.0,5,74.0,2.0,0.25,215.55555555555617
449,Sati_Gymnopedie.mxl,34.0,3,4,65,2,major,0,rest,,,,,,,,0.25,213.33333333333394
450,Sati_Gymnopedie.mxl,34.0,3,4,65,2,major,0,note,C3,C,C,0.0,3,48.0,0.0,0.5,214.44444444444505
451,Sati_Gymnopedie.mxl,34.0,3,4,65,2,major,0,note,F#3,F#,F,1.0,3,54.0,6.0,0.5,214.44444444444505
452,Sati_Gymnopedie.mxl,34.0,3,4,65,2,major,0,note,A3,A,A,0.0,3,57.0,9.0,0.5,214.44444444444505
453,Sati_Gymnopedie.mxl,34.0,3,4,65,2,major,0,note,D4,D,D,0.0,4,62.0,2.0,0.5,214.44444444444505
454,Sati_Gymnopedie.mxl,34.0,3,4,65,2,major,0,note,D2,D,D,0.0,2,38.0,2.0,0.75,213.33333333333394
455,Sati_Gymnopedie.mxl,34.0,3,4,66,2,major,0,note,E5,E,E,0.0,5,76.0,4.0,0.25,216.66666666666728
456,Sati_Gymnopedie.mxl,34.0,3,4,66,2,major,0,note,F5,F,F,0.0,5,77.0,5.0,0.25,217.7777777777784
457,Sati_Gymnopedie.mxl,34.0,3,4,66,2,major,0,note,G5,G,G,0.0,5,79.0,7.0,0.25,218.8888888888895
458,Sati_Gymnopedie.mxl,34.0,3,4,66,2,major,0,rest,,,,,,,,0.25,216.66666666666728
459,Sati_Gymnopedie.mxl,34.0,3,4,66,2,major,0,note,A3,A,A,0.0,3,57.0,9.0,0.5,217.7777777777784
460,Sati_Gymnopedie.mxl,34.0,3,4,66,2,major,0,note,C4,C,C,0.0,4,60.0,0.0,0.5,217.7777777777784
461,Sati_Gymnopedie.mxl,34.0,3,4,66,2,major,0,note,F4,F,F,0.0,4,65.0,5.0,0.5,217.7777777777784
462,Sati_Gymnopedie.mxl,34.0,3,4,66,2,major,0,note,D2,D,D,0.0,2,38.0,2.0,0.75,216.66666666666728
463,Sati_Gymnopedie.mxl,34.0,3,4,67,2,major,0,note,A5,A,A,0.0,5,81.0,9.0,0.25,220.00000000000063
464,Sati_Gymnopedie.mxl,34.0,3,4,67,2,major,0,note,C5,C,C,0.0,5,72.0,0.0,0.25,221.11111111111174
465,Sati_Gymnopedie.mxl,34.0,3,4,67,2,major,0,note,D5,D,D,0.0,5,74.0,2.0,0.25,222.22222222222285
466,Sati_Gymnopedie.mxl,34.0,3,4,67,2,major,0,rest,,,,,,,,0.25,220.00000000000063
467,Sati_Gymnopedie.mxl,34.0,3,4,67,2,major,0,note,A3,A,A,0.0,3,57.0,9.0,0.5,221.11111111111174
468,Sati_Gymnopedie.mxl,34.0,3,4,67,2,major,0,note,C4,C,C,0.0,4,60.0,0.0,0.5,221.11111111111174
469,Sati_Gymnopedie.mxl,34.0,3,4,67,2,major,0,note,E4,E,E,0.0,4,64.0,4.0,0.5,221.11111111111174
470,Sati_Gymnopedie.mxl,34.0,3,4,67,2,major,0,note,D2,D,D,0.0,2,38.0,2.0,0.75,220.00000000000063
471,Sati_Gymnopedie.mxl,34.0,3,4,68,2,major,0,note,E5,E,E,0.0,5,76.0,4.0,0.25,223.33333333333397
472,Sati_Gymnopedie.mxl,34.0,3,4,68,2,major,0,note,D5,D,D,0.0,5,74.0,2.0,0.25,224.44444444444508
473,Sati_Gymnopedie.mxl,34.0,3,4,68,2,major,0,note,B4,B,B,0.0,4,71.0,11.0,0.25,225.5555555555562
474,Sati_Gymnopedie.mxl,34.0,3,4,68,2,major,0,rest,,,,,,,,0.25,223.33333333333397
475,Sati_Gymnopedie.mxl,34.0,3,4,68,2,major,0,note,D3,D,D,0.0,3,50.0,2.0,0.5,224.44444444444508
476,Sati_Gymnopedie.mxl,34.0,3,4,68,2,major,0,note,G3,G,G,0.0,3,55.0,7.0,0.5,224.44444444444508
477,Sati_Gymnopedie.mxl,34.0,3,4,68,2,major,0,note,B3,B,B,0.0,3,59.0,11.0,0.5,224.44444444444508
478,Sati_Gymnopedie.mxl,34.0,3,4,68,2,major,0,note,E4,E,E,0.0,4,64.0,4.0,0.5,224.44444444444508
479,Sati_Gymnopedie.mxl,34.0,3,4,68,2,major,0,note,D2,D,D,0.0,2,38.0,2.0,0.75,223.33333333333397
480,Sati_Gymnopedie.mxl,34.0,3,4,69,2,major,0,note,D5,D,D,0.0,5,74.0,2.0,0.75,226.6666666666673
481,Sati_Gymnopedie.mxl,34.0,3,4,69,2,major,0,rest,,,,,,,,0.25,226.6666666666673
482,Sati_Gymnopedie.mxl,34.0,3,4,69,2,major,0,note,C3,C,C,0.0,3,48.0,0.0,0.5,227.77777777777843
483,Sati_Gymnopedie.mxl,34.0,3,4,69,2,major,0,note,E3,E,E,0.0,3,52.0,4.0,0.5,227.77777777777843
484,Sati_Gymnopedie.mxl,34.0,3,4,69,2,major,0,note,A3,A,A,0.0,3,57.0,9.0,0.5,227.77777777777843
485,Sati_Gymnopedie.mxl,34.0,3,4,69,2,major,0,note,D4,D,D,0.0,4,62.0,2.0,0.5,227.77777777777843
486,Sati_Gymnopedie.mxl,34.0,3,4,69,2,major,0,note,D2,D,D,0.0,2,38.0,2.0,0.75,226.6666666666673
487,Sati_Gymnopedie.mxl,34.0,3,4,70,2,major,0,note,D5,D,D,0.0,5,74.0,2.0,0.5,230.00000000000065
488,Sati_Gymnopedie.mxl,34.0,3,4,70,2,major,0,note,D5,D,D,0.0,5,74.0,2.0,0.25,232.22222222222288
489,Sati_Gymnopedie.mxl,34.0,3,4,70,2,major,0,rest,,,,,,,,0.25,230.00000000000065
490,Sati_Gymnopedie.mxl,34.0,3,4,70,2,major,0,note,C3,C,C,0.0,3,48.0,0.0,0.5,231.11111111111177
491,Sati_Gymnopedie.mxl,34.0,3,4,70,2,major,0,note,F#3,F#,F,1.0,3,54.0,6.0,0.5,231.11111111111177
492,Sati_Gymnopedie.mxl,34.0,3,4,70,2,major,0,note,A3,A,A,0.0,3,57.0,9.0,0.5,231.11111111111177
493,Sati_Gymnopedie.mxl,34.0,3,4,70,2,major,0,note,D4,D,D,0.0,4,62.0,2.0,0.5,231.11111111111177
494,Sati_Gymnopedie.mxl,34.0,3,4,70,2,major,0,note,D2,D,D,0.0,2,38.0,2.0,0.75,230.00000000000065
495,Sati_Gymnopedie.mxl,34.0,3,4,71,2,major,0,note,G5,G,G,0.0,5,79.0,7.0,0.75,233.333333333334
496,Sati_Gymnopedie.mxl,34.0,3,4,71,2,major,0,rest,,,,,,,,0.25,233.333333333334
497,Sati_Gymnopedie.mxl,34.0,3,4,71,2,major,0,note,B3,B,B,0.0,3,59.0,11.0,0.5,234.4444444444451
498,Sati_Gymnopedie.mxl,34.0,3,4,71,2,major,0,note,E4,E,E,0.0,4,64.0,4.0,0.5,234.4444444444451
499,Sati_Gymnopedie.mxl,34.0,3,4,71,2,major,0,note,G4,G,G,0.0,4,67.0,7.0,0.5,234.4444444444451
500,Sati_Gymnopedie.mxl,34.0,3,4,71,2,major,0,note,E2,E,E,0.0,2,40.0,4.0,0.75,233.333333333334
501,Sati_Gymnopedie.mxl,34.0,3,4,72,2,major,0,note,F5,F,F,0.0,5,77.0,5.0,0.75,236.66666666666734
502,Sati_Gymnopedie.mxl,34.0,3,4,72,2,major,0,rest,,,,,,,,0.25,236.66666666666734
503,Sati_Gymnopedie.mxl,34.0,3,4,72,2,major,0,note,A3,A,A,0.0,3,57.0,9.0,0.5,237.77777777777845
504,Sati_Gymnopedie.mxl,34.0,3,4,72,2,major,0,note,D4,D,D,0.0,4,62.0,2.0,0.5,237.77777777777845
505,Sati_Gymnopedie.mxl,34.0,3,4,72,2,major,0,note,F4,F,F,0.0,4,65.0,5.0,0.5,237.77777777777845
506,Sati_Gymnopedie.mxl,34.0,3,4,72,2,major,0,note,A4,A,A,0.0,4,69.0,9.0,0.5,237.77777777777845
507,Sati_Gymnopedie.mxl,34.0,3,4,72,2,major,0,note,E2,E,E,0.0,2,40.0,4.0,0.75,236.66666666666734
508,Sati_Gymnopedie.mxl,34.0,3,4,73,2,major,0,note,B4,B,B,0.0,4,71.0,11.0,0.25,240.00000000000068
509,Sati_Gymnopedie.mxl,34.0,3,4,73,2,major,0,note,C5,C,C,0.0,5,72.0,0.0,0.25,241.1111111111118
510,Sati_Gymnopedie.mxl,34.0,3,4,73,2,major,0,note,F5,F,F,0.0,5,77.0,5.0,0.25,242.2222222222229
511,Sati_Gymnopedie.mxl,34.0,3,4,73,2,major,0,rest,,,,,,,,0.25,240.00000000000068
512,Sati_Gymnopedie.mxl,34.0,3,4,73,2,major,0,note,A3,A,A,0.0,3,57.0,9.0,0.5,241.1111111111118
513,Sati_Gymnopedie.mxl,34.0,3,4,73,2,major,0,note,C4,C,C,0.0,4,60.0,0.0,0.5,241.1111111111118
514,Sati_Gymnopedie.mxl,34.0,3,4,73,2,major,0,note,F4,F,F,0.0,4,65.0,5.0,0.5,241.1111111111118
515,Sati_Gymnopedie.mxl,34.0,3,4,73,2,major,0,note,E2,E,E,0.0,2,40.0,4.0,0.75,240.00000000000068
516,Sati_Gymnopedie.mxl,34.0,3,4,74,2,major,0,note,E5,E,E,0.0,5,76.0,4.0,0.25,243.33333333333402
517,Sati_Gymnopedie.mxl,34.0,3,4,74,2,major,0,note,D5,D,D,0.0,5,74.0,2.0,0.25,244.44444444444514
518,Sati_Gymnopedie.mxl,34.0,3,4,74,2,major,0,note,C5,C,C,0.0,5,72.0,0.0,0.25,245.55555555555625
519,Sati_Gymnopedie.mxl,34.0,3,4,74,2,major,0,rest,,,,,,,,0.25,243.33333333333402
520,Sati_Gymnopedie.mxl,34.0,3,4,74,2,major,0,note,C4,C,C,0.0,4,60.0,0.0,0.5,244.44444444444514
521,Sati_Gymnopedie.mxl,34.0,3,4,74,2,major,0,note,E4,E,E,0.0,4,64.0,4.0,0.5,244.44444444444514
522,Sati_Gymnopedie.mxl,34.0,3,4,74,2,major,0,note,A4,A,A,0.0,4,69.0,9.0,0.5,244.44444444444514
523,Sati_Gymnopedie.mxl,34.0,3,4,74,2,major,0,note,E2,E,E,0.0,2,40.0,4.0,0.75,243.33333333333402
524,Sati_Gymnopedie.mxl,34.0,3,4,75,2,major,0,note,E5,E,E,0.0,5,76.0,4.0,0.25,246.66666666666737
525,Sati_Gymnopedie.mxl,34.0,3,4,75,2,major,0,note,D5,D,D,0.0,5,74.0,2.0,0.25,247.77777777777848
526,Sati_Gymnopedie.mxl,34.0,3,4,75,2,major,0,note,C5,C,C,0.0,5,72.0,0.0,0.25,248.8888888888896
527,Sati_Gymnopedie.mxl,34.0,3,4,75,2,major,0,rest,,,,,,,,0.25,246.66666666666737
528,Sati_Gymnopedie.mxl,34.0,3,4,75,2,major,0,note,A3,A,A,0.0,3,57.0,9.0,0.5,247.77777777777848
529,Sati_Gymnopedie.mxl,34.0,3,4,75,2,major,0,note,C4,C,C,0.0,4,60.0,0.0,0.5,247.77777777777848
530,Sati_Gymnopedie.mxl,34.0,3,4,75,2,major,0,note,F4,F,F,0.0,4,65.0,5.0,0.5,247.77777777777848
531,Sati_Gymnopedie.mxl,34.0,3,4,75,2,major,0,note,A4,A,A,0.0,4,69.0,9.0,0.5,247.77777777777848
532,Sati_Gymnopedie.mxl,34.0,3,4,75,2,major,0,note,E2,E,E,0.0,2,40.0,4.0,0.75,246.66666666666737
533,Sati_Gymnopedie.mxl,34.0,3,4,76,2,major,0,note,F4,F,F,0.0,4,65.0,5.0,0.75,250.0000000000007
534,Sati_Gymnopedie.mxl,34.0,3,4,76,2,major,0,rest,,,,,,,,0.25,250.0000000000007
535,Sati_Gymnopedie.mxl,34.0,3,4,76,2,major,0,note,A3,A,A,0.0,3,57.0,9.0,0.25,251.11111111111182
536,Sati_Gymnopedie.mxl,34.0,3,4,76,2,major,0,note,D4,D,D,0.0,4,62.0,2.0,0.25,251.11111111111182
537,Sati_Gymnopedie.mxl,34.0,3,4,76,2,major,0,note,B3,B,B,0.0,3,59.0,11.0,0.25,252.22222222222294
538,Sati_Gymnopedie.mxl,34.0,3,4,76,2,major,0,note,D4,D,D,0.0,4,62.0,2.0,0.25,252.22222222222294
539,Sati_Gymnopedie.mxl,34.0,3,4,76,2,major,0,note,G4,G,G,0.0,4,67.0,7.0,0.25,252.22222222222294
540,Sati_Gymnopedie.mxl,34.0,3,4,76,2,major,0,rest,,,,,,,,0.25,250.0000000000007
541,Sati_Gymnopedie.mxl,34.0,3,4,76,2,major,0,note,B2,B,B,0.0,2,47.0,11.0,0.25,251.11111111111182
542,Sati_Gymnopedie.mxl,34.0,3,4,76,2,major,0,note,E3,E,E,0.0,3,52.0,4.0,0.25,252.22222222222294
543,Sati_Gymnopedie.mxl,34.0,3,4,76,2,major,0,note,E2,E,E,0.0,2,40.0,4.0,0.75,250.0000000000007
544,Sati_Gymnopedie.mxl,34.0,3,4,77,2,major,0,note,C4,C,C,0.0,4,60.0,0.0,0.75,253.33333333333405
545,Sati_Gymnopedie.mxl,34.0,3,4,77,2,major,0,note,E4,E,E,0.0,4,64.0,4.0,0.75,253.33333333333405
546,Sati_Gymnopedie.mxl,34.0,3,4,77,2,major,0,note,A4,A,A,0.0,4,69.0,9.0,0.75,253.33333333333405
547,Sati_Gymnopedie.mxl,34.0,3,4,77,2,major,0,note,C5,C,C,0.0,5,72.0,0.0,0.75,253.33333333333405
548,Sati_Gymnopedie.mxl,34.0,3,4,77,2,major,0,note,A2,A,A,0.0,2,45.0,9.0,0.75,253.33333333333405
549,Sati_Gymnopedie.mxl,34.0,3,4,77,2,major,0,note,G3,G,G,0.0,3,55.0,7.0,0.75,253.33333333333405
550,Sati_Gymnopedie.mxl,34.0,3,4,78,2,major,0,note,D4,D,D,0.0,4,62.0,2.0,0.75,257.2463768115949
551,Sati_Gymnopedie.mxl,34.0,3,4,78,2,major,0,note,F4,F,F,0.0,4,65.0,5.0,0.75,257.2463768115949
552,Sati_Gymnopedie.mxl,34.0,3,4,78,2,major,0,note,A4,A,A,0.0,4,69.0,9.0,0.75,257.2463768115949
553,Sati_Gymnopedie.mxl,34.0,3,4,78,2,major,0,note,D5,D,D,0.0,5,74.0,2.0,0.75,257.2463768115949
554,Sati_Gymnopedie.mxl,34.0,3,4,78,2,major,0,note,D2,D,D,0.0,2,38.0,2.0,0.75,257.2463768115949
555,Sati_Gymnopedie.mxl,34.0,3,4,78,2,major,0,note,A2,A,A,0.0,2,45.0,9.0,0.75,257.2463768115949
556,Sati_Gymnopedie.mxl,34.0,3,4,78,2,major,0,note,D3,D,D,0.0,3,50.0,2.0,0.75,257.2463768115949
